weight_kg,height_cm,tail_to_body,animal
28.853173797288367,50.985985169908616,0.2945672323791476,Dog
0.2937712470759027,10.712480057141645,0.9801547342333612,Rat
0.2898293387770603,7.560656224324976,0.7949336568933867,Rat
6.725211824100796,5.48521627944827,0.24733425708539564,spider
208.72359451156467,131.89802933217672,0.5135054692109753,Lion
190.63011524898278,105.98779528114164,0.4050908078066068,Lion
17.462638356425103,55.98248967263587,0.36045924618288727,Dog
31.520398953503683,11.694052811213716,0.2022102055027462,spider
202.40212650161425,2.6325915654251686,0.2995286697420187,spider
0.2780155791605291,5.072970103735763,1.028182287177731,Rat
33.2206015999449,45.72609742554914,0.48059290431453083,Dog
86.97372250292395,4.339202013526834,0.2759338239327542,spider
36.333705641543155,12.55391225825756,0.15103095523741383,spider
22.35343166762044,46.416355488880384,0.3555841667992015,Dog
1.5449866975848678,3.604133652839524,0.14487669205517073,spider
83.70126375437471,5.48084946661382,0.29250382326643604,spider
43.65774511144757,61.18042320650392,0.4513528919349298,Dog
31.72961812386339,8.985675738191413,0.34013384739917685,spider
14.291075019388877,55.54686207884576,0.4768813452916282,Dog
22.546118839971296,49.175637426050756,0.31479644106424126,Dog
159.81947855500894,131.53182457511556,0.48872255697510886,Lion
0.2487168879665576,7.855979756839332,0.9465288230294756,Rat
168.4466733624269,108.85460154747382,0.4191679849597984,Lion
12.542612212880119,65.38906233004145,0.41796816776168194,Dog
29.12780926936498,64.10763064591922,0.250177345442812,Dog
15.253183297726785,61.850686128318,0.27584556227375334,Dog
22.76537214674149,80.72732907190391,0.5206426699725013,Dog
43.967929826539475,52.15817671911989,0.23558868976314937,Dog
153.57434161636803,102.3265243711195,0.5321178934519409,Lion
192.2741367458118,88.76104275690193,0.43383558993332655,Lion
0.40425600435859643,9.951090254244718,0.9425554084233833,Rat
0.2591975924478789,8.723272050095268,1.064282281451502,Rat
17.85648581973632,43.74609952101853,0.3112612741706999,Dog
33.27183249036024,68.0674071636084,0.38696827794106164,Dog
50.421560342687705,14.261775475316414,0.210390774496748,spider
189.37295218107556,109.80983792097311,0.42299607171124537,Lion
185.58827855493584,111.50393786476208,0.45444568682518655,Lion
180.3584247504102,128.76170839215885,0.36719391250710653,Lion
46.00280357751615,0.7677133056833272,0.3441456706596734,spider
25.13001891877907,55.77136022914555,0.36592477564587755,Dog
52.20169166589619,63.15517298721611,0.31917491225105915,Dog
39.05985765055887,2.969546139570073,0.08254835410612313,spider
0.2171813951101569,6.940479592465922,1.031351721736967,Rat
0.2955617275474817,2.7605097918205113,1.008685709380027,Rat
165.45337950299583,124.51143607795042,0.4350621510912556,Lion
103.96299388793463,2.968952554704768,0.13879803213743036,spider
0.3208306250206723,4.024862170798214,0.8996524345883801,Rat
0.20876962986647082,6.709760490789751,1.0251933032686773,Rat
174.79170473886612,128.31458765854353,0.4446527976292327,Lion
29.73237624573545,30.698288960108712,0.3378571923971533,Dog
229.16436421462987,116.90143991711112,0.4699388407187755,Lion
177.6518098025627,10.705986685931594,0.17370793654293631,spider
0.3265863043050819,9.862560238232398,0.9904050856814538,Rat
224.74332620500203,118.72320636720679,0.39210459236519374,Lion
180.6919973021963,110.12592400781794,0.45694047805757154,Lion
28.411519748166437,35.64740954572418,0.35081864488156694,Dog
165.33338813300705,101.01585328651642,0.47304392693635844,Lion
25.58208718446,76.18545088337316,0.41502896950711676,Dog
78.85200453567114,1.6262375894584666,0.23923128485169953,spider
16.16142563798867,49.30065626606853,0.42196799003466,Dog
4.752176582623477,12.51387123371789,0.15781838191504297,spider
26.53725105945528,47.160049209115456,0.37458396167012875,Dog
0.5352278184508937,8.714225143023492,0.9568562974806026,Rat
0.3741962271566034,5.787330051987944,0.9560230209941026,Rat
0.22791563500289774,6.996485912830927,1.1049934405017539,Rat
186.09570836896947,102.26990216144533,0.45405110888460654,Lion
0.33843517176117593,6.595893812245295,0.7892516765438772,Rat
134.4659383685011,0.7689186952314877,0.09726994089093595,spider
20.53485047932979,45.48975113880759,0.33335021997141795,Dog
165.23508409622465,113.4175597577716,0.5477169327342775,Lion
28.464482094969757,61.72941431641881,0.42342895576438205,Dog
213.74988081888807,111.83342005738352,0.49116308759990635,Lion
6.275570211340117,2.6105195313359024,0.30453496441180306,spider
0.367136828118997,9.937289981065778,1.0807142754282428,Rat
199.72499057465328,110.97676098548831,0.5207578310438296,Lion
214.40528908001914,114.01711722098942,0.5266606093139106,Lion
0.2349006422577697,8.174094136476343,0.8509463674869311,Rat
173.08826341588076,104.23096344337597,0.4466671380662029,Lion
165.13014967233784,113.10907565598005,0.35433434047233797,Lion
222.96330555961572,125.32738913002578,0.38252147448972784,Lion
0.4147688538100692,6.646155999388083,0.915728548347323,Rat
39.53534077157317,42.06706266484832,0.3019826498272964,Dog
0.3039361229040212,8.592240554129152,0.8263049289121918,Rat
40.257772321681145,1.1544445577017464,0.098018675664225,spider
187.7150283612123,6.297068546576181,0.142681106388186,spider
32.14000494092092,62.60702826781613,0.19383297603819982,Dog
59.13845612548385,4.497618905508631,0.44904809583745264,spider
0.37088635950047555,9.830804235404148,0.8716746707663763,Rat
55.290434922821056,13.356921120651418,0.2085879484663271,spider
32.87084603742452,68.62678768216719,0.345237971515056,Dog
0.35675282046879236,7.928347921780097,1.09027943109361,Rat
197.31061634475736,114.91919171506505,0.44803831511435444,Lion
173.1945687940909,124.75356216949552,0.4140374986227736,Lion
0.24422890710440992,6.963459563452705,0.9973592430635181,Rat
0.3034270246429743,7.628682046672366,0.9473486124550783,Rat
191.5580428769995,19.716445001272895,0.3245047933109479,spider
50.611132440407516,3.3095011641103778,0.14948186230156846,spider
0.5079212815507391,6.321564953554723,1.138618590121053,Rat
0.3875698018345672,7.401985299068265,0.8933702270397228,Rat
192.90987894978156,110.24510174258943,0.5736448754929192,Lion
0.3265846625276664,10.061999044991902,0.933871428833399,Rat
0.3486502775262066,10.955788089483033,0.8437696286273895,Rat
197.3489971332617,96.79766792979358,0.32595347399760743,Lion
196.9614981207291,105.30824347895295,0.49018035292980233,Lion
183.9342204269832,101.72769056447677,0.48086633004352497,Lion
175.86885083145032,121.79440120721287,0.3717318299697088,Lion
0.30365823071875375,7.04165152430942,0.7581228784700957,Rat
36.58595579007404,66.44802116191843,0.09069861279447416,Dog
214.7624904696409,108.91239851543142,0.3579531497558627,Lion
146.55746975508026,92.86865470909123,0.4719958947658109,Lion
110.66083630386484,10.009171876243808,0.04457494422134245,spider
0.39967141530112327,8.648167938789591,0.8084629257949585,Rat
21.930024551243392,8.711458733713089,0.14668480879086662,spider
100.86013988108814,10.629692366905708,0.2305305011961456,spider
16.104855703744768,82.77590280008211,0.4653018631252892,Dog
252.7716182705638,119.59270826085206,0.5082942570572613,Lion
34.63376129244322,51.216769064315855,0.3297945478885472,Dog
0.20214780096325724,7.215783693735685,0.9759882794248423,Rat
75.04421205534575,4.075636620415979,0.16087717613985908,spider
0.2899361310081195,8.183521553071005,0.959965136508764,Rat
0.423846657999541,8.194155098696081,0.9727459934604129,Rat
206.41292143510114,113.22718560338089,0.4572177379027139,Lion
14.565682071348633,0.12874616235303904,0.15057476406530393,spider
46.474297964044354,0.9239392423886912,0.14148725311130078,spider
0.36109225897098657,9.643805008750448,1.169045562580998,Rat
0.2075251813786543,11.129287311628012,0.8098148937207719,Rat
11.315216330303002,1.5183610780215915,0.22182395060701943,spider
147.77608676870335,123.53872374165412,0.3936072128203587,Lion
16.428424435837172,57.5975030749837,0.40297045396168374,Dog
0.36968612358691233,9.026534866226712,0.8269135683566045,Rat
8.785397862663054,5.993323054292259,0.024495030523102673,spider
0.45571222262189154,8.522110544359778,0.8179543386915723,Rat
26.73180925851182,40.596443115330686,0.3785612388772038,Dog
8.807071964852767,1.5064256912182694,0.24051231944902426,spider
0.3198896304410711,7.3446757068044635,0.9684633858532303,Rat
202.38794362826872,119.5042383818605,0.34779705363869073,Lion
0.5023029856408026,9.223352577681736,0.8697722730778381,Rat
193.51982149926346,99.97470635362191,0.4873709959408499,Lion
27.322536971610035,67.64562462441884,0.43259722084409175,Dog
169.68514865463663,104.74244978319238,0.4930525353477577,Lion
44.61533435821178,11.38592458777374,0.2406195688993297,spider
330.02039195251615,7.597225017214819,0.022569650506419042,spider
70.580580154193,5.47398671316414,0.22978647035604033,spider
0.17369598446372658,7.530825733249706,0.9796984673233186,Rat
31.25667347765006,46.23560041939436,0.35908138762009983,Dog
0.4322544912103189,6.3830127942136246,0.8580575765766196,Rat
0.42674347291529086,7.381575248297571,0.9674577812831838,Rat
183.4695639031834,115.19346514241172,0.4926968926853334,Lion
33.56398794323472,53.62316270239721,0.31055992522729337,Dog
29.824724152431852,47.1807958287302,0.25097476009385206,Dog
107.31356971196321,11.275424378831627,0.22827374697302794,spider
29.0430992134379,11.6152006226896,0.15016545033190387,spider
9.851527753141355,65.22920001755469,0.3001840384143525,Dog
0.3030525614065048,8.662526862807129,0.9757550390722763,Rat
0.1586719755342202,5.607586751838658,1.1963242112485286,Rat
31.565536086338298,101.23277788785666,0.41197072427434694,Dog
148.87098366146705,10.433601923799351,0.4011724774730339,spider
163.08236885542505,104.00607354555977,0.327646069334394,Lion
0.38142473325952736,10.007065795784047,0.8331321962380467,Rat
24.22898290585896,63.23512228449416,0.44305310017239674,Dog
33.83579247948233,13.048821006645191,0.06533623708094621,spider
219.25359200253254,102.40867338446301,0.5401414231257617,Lion
123.41818619421015,4.775552447985511,0.07902964268991153,spider
74.10826359218285,7.110161997624566,0.4724831429365275,spider
16.793176816482895,62.81669501566957,0.2680489886932568,Dog
27.93072473298681,38.46796758451491,0.2284504027236789,Dog
172.2528583349251,107.11341361079862,0.4414572308987224,Lion
27.504928503458764,59.2934483241794,0.24912928365319637,Dog
36.31490773505462,10.7707212718054,0.16761500776479546,spider
13.086965027973514,61.18057223567257,0.38550555425169825,Dog
0.3843618289568461,8.010226913284923,1.0021941565616896,Rat
16.53206281931595,47.058562422779346,0.37247934941880256,Dog
0.32742236995134644,11.076073132931938,0.8590612545205261,Rat
29.738329209117875,61.1654314109465,0.2933864427504975,Dog
230.86053682955864,7.704568257798388,0.23477298282756956,spider
62.88577938063803,10.298041779152829,0.25747757908956703,spider
208.8503652779284,101.91701714644849,0.3444756308146132,Lion
0.15403298761202242,8.657502219319369,0.9177938483794323,Rat
36.13656669532429,3.6399076967981596,0.1480930174616455,spider
20.654293918215473,19.415686206579004,0.2400394526344338,spider
0.3361735698828815,7.229835439167367,0.907935467723464,Rat
18.199752784215093,67.99661491810332,0.5197724957610106,Dog
183.5965854486446,122.37816311973462,0.38644718868666295,Lion
189.63259681459257,101.60278157819224,0.3790044892400535,Lion
141.00766652461022,24.094166404701305,0.18131873175295046,spider
208.31110796300393,108.40061470036574,0.45281883562588454,Lion
13.570297021693769,59.85978053153147,0.40037030735388895,Dog
210.4585891388489,112.24092481810416,0.5430691185313514,Lion
24.27171087343127,57.23745177723313,0.3970653765187661,Dog
27.76690799330019,49.3368176105268,0.2714793079161639,Dog
207.85471076310742,114.9799829124545,0.5553204505465923,Lion
67.0691760558259,1.0398518671582053,0.24527605916538228,spider
0.4965648768921554,8.722791211016828,1.0291031947043046,Rat
206.15560552145826,15.062928092144405,0.29964029798530945,spider
16.841897150345616,32.592817688899025,0.23513102790564483,Dog
228.32994687365274,109.8148686400761,0.3859427742370444,Lion
0.17750821674869668,9.625051644788396,0.9307639035218878,Rat
27.14093744130204,61.05984734776548,0.30285081944446307,Dog
155.64216711767733,4.043166251044086,0.33725048518483147,spider
212.41880815369785,118.5765962320202,0.450314621983091,Lion
